episode,soundcloud_slug
228,"228-john-hodgman-paul-f"
"bo2013.4","best-of-2013-pt-4"
"bo2013.3","best-of-2013-pt-3"
"bo2013.2","best-of-2013-pt-2"
"bo2013.1","best-of-2013-pt-1"
"bo2014.4","best-of-2014-pt-4"
"bo2014.3","best-of-2014-pt-3"
"bo2014.2","best-of-2014-part-2"
"bo2014.1","best-of-2014-pt-1"
93,"and-the-oscar-goes-to"
92,"hows-your-boner"
79,"whod-fuck-tom-brady"
75,"the-farting-fuck-faces"
70,"rock-n-roll-dreams"
137.5,"best-of-2011-pt-2"
"b2","live-from-sf-sketchfest"
"bo2010","the-best-of-2010"
137,"best-of-2011-pt-1"
136,"2011-holiday-spectacular"
191,"2012-holiday-spectacular"
262,"2013-holiday-spectacular"
351,"351-sean-clements-hayes-davenport-ben-rodgers-hayley-huntley"
350,"350-andy-richter-andy-daly"
349,"349-6th-anniv-pftlapkusmiddleditchcampbellmike-hanfordjoe-wengertpaul-scheererin-whitehead"
348,"348-cameron-esposito-paul-f-tompkins-matt-gourley"
347,"347-kevin-pollak-seth-morris"
346,"346-tom-green-mary-holland-erin-whitehead"
345,"345-kyle-bornheimer-paul-brittain"
344,"344-ryan-hansen-jamie-chung-paul-f-tompkins-horatio-sanz-jocelyn-deboer"
343,"343-alicia-witt-jon-gabrus-brendon-small"
342,"342-thomas-middleditch-kumail-nanjiani-martin-starr-paul-f-tompkins"
341,"341-stars-claudia-odoherty-neil-campbell"
340,"340-live-from-sxsw-ii-tig-notaro-stephanie-allynne-mary-holland-lauren-lapkus-james-adomian"
339,"339-live-from-sxsw-2015-lauren-lapkus-colin-hanks-nick-kroll-horatio-sanz"
338,"338-michael-ableson-paul-f-tompkins-andy-daly-lauren-lapkus"
337,"337-weird-al-yankovic-paul-f-tompkins-joe-wengert"
336,"336-harris-wittels-chelsea-peretti-adam-scott"
335,"335-colin-hay-gillian-jacobs-paul-f-tompkins"
334,"334-david-cross-james-adomian-matt-walsh"
333,"333-jack-antonoff-horatio-sanz-miriam-tolan"
332,"332-kyle-kinane-matt-braunger-fran-gillespie-neil-campbell"
331,"331-patton-oswalt-lauren-lapkus-mary-holland"
330,"330-jim-rash-horatio-sanz"
329,"329-nick-kroll-john-mulaney"
328,"328-american-football-anders-holm-mike-hanford"
327,"327-ben-schwartz-horatio-sanz"
326,"326-2014-holiday-spectacular"
325,"325-skylar-astin-rory-scovel-pamela-murphy-will-hines"
324,"324-colin-hanks-lauren-lapkus-stephanie-allynne"
323,"323-tears-for-fears-reggie-watts-paul-f-tompkins"
322,"322-chelsea-peretti-seth-morris"
321,"321-ana-gasteyer-jon-gabrus-mookie-blaiklock"
320,"320-alex-borstein-brendon-small-molly-bretthauer"
319,"319-halloween-brett-gelman-jon-daly-allan-mcleod-nick-wiger-caroline-anderson"
318,"318-wyatt-cenac-matt-besser-jocelyn-deboer"
317,"317-natasha-lyonne-paul-f-tompkins-mary-holland"
316,"316-dane-cook-reggie-watts-neil-campbell"
315,"315-ken-marino-casey-wilson-joe-wengert"
314,"314-cameron-esposito-paul-f-tompkins"
313,"313-ben-schwartz-horatio-sanz-paul-banks"
312,"312-andy-samberg-lauren-lapkus"
311,"311-joe-lo-truglio-beth-dover"
310,"310-kevin-allison-pamela-murphy-john-gemberling"
309,"309-nick-kroll-jimmy-pardo-claudia-odoherty"
308,"308-matt-gourley-mark-mcconville-jeremy-carter-paul-f-tompkins-superego"
307,"307-tenacious-d-lauren-lapkus-joe-wengert"
306,"306-paul-rust-harris-wittels-michael-cassady-dont-stop-or-well-die"
305,"305-howard-kremer-kulap-vilaysack-jon-gabrus"
304,"304-jessica-st-clairlennon-parhamlauren-lapkusjason-mantzoukasbrian-huskeyandy-dalymelissa-r"
303,"303-paul-f-tompkins-loudon-wainwright-iii"
302,"302-mary-lynn-rajskub-eddie-pepitone-twin-shadow"
301,"301-jonah-ray-kumail-nanjiani-brendon-small"
300,"300-jason-mantzoukas-andy-daly"
299,"299-weird-al-yankovic-claudia-o-doherty"
298,"298-paul-scheer-the-hotwives-of-orlando"
297,"297-nathan-fielder-joe-wengert-james-adomian"
296,"296-david-wain-michael-showalter-neil-campbell"
295,"295-alex-anfanger-dan-schimpf-lauren-lapkus"
294,"294-ian-edwards-brendon-small-jessica-st-clair"
293,"293-phil-lord-chris-miller-jon-gabrus-eugene-cordero"
292,"292-jenny-slate-merrill-garbus-jon-daly"
291,"291-bob-odenkirk-adam-resnick-neil-casey-fran-gillespie"
290,"290-todd-glass-james-adomian"
289,"289-paul-f-tompkins-matt-gourley"
288,"288-the-sklar-brothers-horatio-sanz"
287,"287-shane-torres-lauren-lapkus"
286,"286-bobby-moynihan-paul-f-tompkins"
285,"285-ben-schwartz"
284,"284-the-thrilling-adventure-hour"
283,"283-jessica-st-clairlennon-parhamjason-mantzoukaslauren-lapkusmatt-besserpftpaul-rneil-c"
282,"282-jessica-st-clair-lennon-parham"
281,"281-matt-walsh-tim-simons"
280,"280-weird-al-yankovic-paul-f"
279,"279-patton-oswalt-lauren"
278,"278-old-97s-matt-berninger"
277,"277-chelsea-peretti-paul-rust"
276,"276-live-from-sxsw-2014-ii"
275,"275-live-from-sxsw-2014-jonah"
274,"274-jason-mantzoukas-andy-daly"
273,"273-jim-oheir-horatio-sanz"
272,"272-gillian-jacobs-paul-f"
271,"271-nick-thune-molly-bretthauer"
270,"270-jon-daly-james-adomian"
269,"269-doug-benson-paul"
268,"268-jimmy-pardo-betsy-sodaro"
267,"267-jerrod-carmichael-neil"
266,"266-taran-killam-paul-brittain"
265,"265-live-from-riot-la-paul-f"
264,"264-nick-kroll-jenny-slate"
263,"263-ben-schwartz-horatio-sanz"
261,"261-horatio-sanz-kulap"
260,"260-mike-birbiglia-brendon"
259,"259-david-alan-grier-lauren"
258,"258-jimmy-pardo-bill-callahan"
257,"257-will-forte-paul-f-tompkins"
256,"256-brendon-small-cameron"
255,"255-rob-delaney-mookie"
254,"254-live-from-comedy-gives"
253,"253-tim-heidecker-jon-daly"
252,"252-halloween-steven-yeun-paul"
251,"251-amber-tamblyn-todd-glass"
250,"250-pete-holmes-jon-gabrus"
249,"249-bob-odenkirk-the-birthday"
248,"248-eric-andre-lauren-lapkus"
247,"247-tim-meadows-horatio-sanz"
246,"246-casey-wilson-june-diane"
245,"245-amy-poehler-paul-f"
244,"244-andy-samberg-eddie"
243,"243-maria-bamford-james"
242,"242-thomas-lennon-rob-huebel"
241,"241-nick-kroll-paul-scheer"
240,"240-edgar-wright-simon-pegg"
239,"239-jay-mohr-matt-besser"
238,"238-jessica-st-clair-lennon"
237,"237-jonah-ray-nick-thune"
236,"236-rob-corddry-paul-f"
235,"235-doug-benson-paul-f"
234,"234-bill-hader-seth-morris"
233,"233-bob-odenkirk-andy-daly"
232,"live-from-san-diego-comic-con"
231,"231-kumail-nanjiani-james"
230,"reggie-watts-neil-campbell"
229,"229-ben-schwartz-paul-f"
227,"227-brian-posehn-jon-daly"
226,"226-paul-feig-horatio-sanz"
225,"225-taran-killam-paul-brittain"
224,"224-live-from-austin-paul"
223,"223-seth-rogen"
222,"222-paul-f-tompkins-gillian"
221,"221-andy-richter-paul-f"
220,"220-lennon-parham-jessica-st"
219,"219-adam-scott-harris-wittels"
218,"218-4th-anniversary-david-wain"
217,"217-marc-maron"
216,"216-kristen-schaal-michaela"
215,"time-bobby-2"
214,"you-have-to-take-action"
213,"star-graves"
212,"comedy-bleep-bleep"
211,"april-fools"
210,"a-spiritual-journey"
209,"the-bisco-boys"
208,"zombie-candles"
207,"live-from-sxsw-2013-ii"
206,"live-from-sxsw-2013"
205,"titans-of-comedy"
204,"the-pepper-men"
203,"the-vicar-of-yanks"
202,"philip-traumatic-seymour"
201,"end-scene"
200,"halfway-to-china"
199,"garry-unmarried"
198,"arent-you-glad"
197,"please-claire-ify"
196,"a-different-huelliverse"
195,"making-the-snow-angel"
194,"me-gusta-characters"
193,"what-else-what-else"
192,"goodfelines"
190,"you-know-what-i-mean"
189,"the-pancake-man"
188,"attack-of-the-shits"
187,"finger-chimes"
186,"new-york-mainstays"
185,"cum-scanners"
184,"pop-and-politics"
183,"return-to-suicide-house"
182,"repeat-your-keyword"
181,"happy-endings"
180,"friends-without-words"
179,"pitch-slapped"
178,"motor-boating-around-town"
177,"penises-abounding"
176,"out-of-bleeps"
175,"mop-water"
174,"series-regulars"
173,"ride-like-hell"
172,"this-is-a-safe-zone"
171,"scrog-secretions"
170,"new-scoop"
169,"immortal-mustache"
168,"breaking-bread"
167,"new-no-nos"
166,"farts-and-procreation-2"
165,"hoo-ah"
164,"clifton-was-here"
163,"burning-love"
162,"best-bro-hang"
161,"highly-illogical"
160,"slow-dance-boner"
159,"apicklelypse"
158,"words-with-friends"
157,"god-bless-america"
156,"anniversary-party"
155,"fingerbang-lindbergh"
154,"finger-guns"
153,"jing-it-or-ding-it"
152,"behind-the-irony-curtain"
151,"fan-fiction"
150,"time-bobby"
149,"live-from-sxsw-2012"
148,"wipeout"
147,"raisin-norman-bates"
146,"climbing-the-ladder"
145,"a-family-affair"
143,"grammy-spectacular"
142,"popcorn-com"
141,"ladies-night"
140,"ron-swanson-off"
138,"ghost-protocol"
134,"bride-of-chucky"
133,"fortunately-unfortunately"
132,"occupy-thanksgiving"
131,"mayor-of-hollywood"
130,"tall-napoleon"
129,"comedy-fang-fang"
127,"national-pleasure"
123,"no-scoop-for-you"
122,"shanghaied-by-irene"
121,"bro-ing-out"
119,"andi-callahan-rn"
115,"the-plug-in-drug"
114,"hats-off-to-caruso"
113,"skanking-hayride"
111,"hi-how-are-you"
110,"thumbs-yes"
109,"the-andy-samberg-special"
107,"maybe-its-maybelline"
106,"its-a-fucking-podcast-pt-1"
102,"behind-the-music"